"variable","value","problemSize"
"mpiTime",0.000632,64
"mpiTime",0.003575,64
"mpiTime",0.007567,64
"mpiTime",0.012849,64
"mpiTime",0.016593,64
"mpiTime",0.021444,64
"mpiTime",0.021505,64
"mpiTime",0.021604,64
"mpiTime",0.02166,64
"mpiTime",0.021816,64
"mpiTime",0.021881,64
"mpiTime",0.021949,64
"mpiTime",0.022027,64
"mpiTime",0.022104,64
"mpiTime",0.022177,64
"mpiTime",0.022259,64
"mpiTime",0.011486,64
"mpiTime",0.018077,64
"mpiTime",0.022452,64
"mpiTime",0.002993,64
"mpiTime",0.00675,64
"mpiTime",0.013638,64
"mpiTime",0.010137,64
"mpiTime",0.008353,64
"mpiTime",0.005615,64
"mpiTime",0.004492,64
"mpiTime",0.023098,64
"mpiTime",0.02119,64
"mpiTime",0.002737,64
"mpiTime",0.023397,64
"mpiTime",0.016413,64
"mpiTime",0.023442,64
"mpiTime",0.005028,512
"mpiTime",0.005112,512
"mpiTime",0.005188,512
"mpiTime",0.005307,512
"mpiTime",0.005415,512
"mpiTime",0.005501,512
"mpiTime",0.005585,512
"mpiTime",0.005714,512
"mpiTime",0.005811,512
"mpiTime",0.005994,512
"mpiTime",0.00611,512
"mpiTime",0.00624,512
"mpiTime",0.006366,512
"mpiTime",0.006497,512
"mpiTime",0.006609,512
"mpiTime",0.006728,512
"mpiTime",0.006923,512
"mpiTime",0.007111,512
"mpiTime",0.007313,512
"mpiTime",0.007519,512
"mpiTime",0.007715,512
"mpiTime",0.007898,512
"mpiTime",0.008109,512
"mpiTime",0.008339,512
"mpiTime",0.008545,512
"mpiTime",0.008814,512
"mpiTime",0.009008,512
"mpiTime",0.009229,512
"mpiTime",0.009429,512
"mpiTime",0.009635,512
"mpiTime",0.009839,512
"mpiTime",0.008809,512
"mpiTime",0.012248,1024
"mpiTime",0.012715,1024
"mpiTime",0.013233,1024
"mpiTime",0.013218,1024
"mpiTime",0.013664,1024
"mpiTime",0.014634,1024
"mpiTime",0.014788,1024
"mpiTime",0.015526,1024
"mpiTime",0.016066,1024
"mpiTime",0.017052,1024
"mpiTime",0.016852,1024
"mpiTime",0.018031,1024
"mpiTime",0.01813,1024
"mpiTime",0.019198,1024
"mpiTime",0.020271,1024
"mpiTime",0.020102,1024
"mpiTime",0.021964,1024
"mpiTime",0.022413,1024
"mpiTime",0.02311,1024
"mpiTime",0.023574,1024
"mpiTime",0.024599,1024
"mpiTime",0.025065,1024
"mpiTime",0.02593,1024
"mpiTime",0.026515,1024
"mpiTime",0.027554,1024
"mpiTime",0.028352,1024
"mpiTime",0.029162,1024
"mpiTime",0.030265,1024
"mpiTime",0.031068,1024
"mpiTime",0.031975,1024
"mpiTime",0.033039,1024
"mpiTime",0.025751,1024
"mpiTime",0.067339,2048
"mpiTime",0.067982,2048
"mpiTime",0.069063,2048
"mpiTime",0.071182,2048
"mpiTime",0.073001,2048
"mpiTime",0.074394,2048
"mpiTime",0.077732,2048
"mpiTime",0.079058,2048
"mpiTime",0.083141,2048
"mpiTime",0.085237,2048
"mpiTime",0.088318,2048
"mpiTime",0.090424,2048
"mpiTime",0.093773,2048
"mpiTime",0.098441,2048
"mpiTime",0.102859,2048
"mpiTime",0.107888,2048
"mpiTime",0.112277,2048
"mpiTime",0.115745,2048
"mpiTime",0.12035,2048
"mpiTime",0.125142,2048
"mpiTime",0.130254,2048
"mpiTime",0.135948,2048
"mpiTime",0.141735,2048
"mpiTime",0.147866,2048
"mpiTime",0.155216,2048
"mpiTime",0.161055,2048
"mpiTime",0.167461,2048
"mpiTime",0.173908,2048
"mpiTime",0.180824,2048
"mpiTime",0.18801,2048
"mpiTime",0.195377,2048
"mpiTime",0.179971,2048
"mpiTime",0.670268,4096
"mpiTime",0.268652,4096
"mpiTime",0.28448,4096
"mpiTime",0.27655,4096
"mpiTime",0.292423,4096
"mpiTime",0.305247,4096
"mpiTime",0.748906,4096
"mpiTime",0.345918,4096
"mpiTime",0.762599,4096
"mpiTime",0.850852,4096
"mpiTime",0.767028,4096
"mpiTime",0.879603,4096
"mpiTime",0.940432,4096
"mpiTime",0.828612,4096
"mpiTime",0.860142,4096
"mpiTime",0.888241,4096
"mpiTime",1.051304,4096
"mpiTime",1.067186,4096
"mpiTime",1.123591,4096
"mpiTime",1.153359,4096
"mpiTime",1.193445,4096
"mpiTime",1.270613,4096
"mpiTime",1.316031,4096
"mpiTime",1.456839,4096
"mpiTime",2.310115,4096
"mpiTime",2.351732,4096
"mpiTime",2.398676,4096
"mpiTime",2.450275,4096
"mpiTime",2.511784,4096
"mpiTime",2.575653,4096
"mpiTime",2.707765,4096
"mpiTime",2.826201,4096
"mpiTime",1.747226,8192
"mpiTime",1.667112,8192
"mpiTime",1.492604,8192
"mpiTime",1.804799,8192
"mpiTime",1.725601,8192
"mpiTime",2.125773,8192
"mpiTime",2.297118,8192
"mpiTime",2.846419,8192
"mpiTime",5.353411,8192
"mpiTime",5.142742,8192
"mpiTime",5.355191,8192
"mpiTime",5.691454,8192
"mpiTime",5.896475,8192
"mpiTime",6.287044,8192
"mpiTime",6.88194,8192
"mpiTime",7.584183,8192
"mpiTime",12.794647,8192
"mpiTime",12.955478,8192
"mpiTime",13.299699,8192
"mpiTime",13.751361,8192
"mpiTime",14.384983,8192
"mpiTime",15.150931,8192
"mpiTime",16.106443,8192
"mpiTime",17.24762,8192
"mpiTime",23.326514,8192
"mpiTime",23.672303,8192
"mpiTime",24.18438,8192
"mpiTime",24.822567,8192
"mpiTime",25.648626,8192
"mpiTime",26.832678,8192
"mpiTime",28.170233,8192
"mpiTime",29.510948,8192
"mpiTime",0.000354,64
"mpiTime",0.005095,64
"mpiTime",0.008907,64
"mpiTime",0.010255,64
"mpiTime",0.010329,64
"mpiTime",0.010399,64
"mpiTime",0.010482,64
"mpiTime",0.010564,64
"mpiTime",0.010653,64
"mpiTime",0.010779,64
"mpiTime",0.010847,64
"mpiTime",0.010925,64
"mpiTime",0.010989,64
"mpiTime",0.011039,64
"mpiTime",0.011139,64
"mpiTime",0.011218,64
"mpiTime",0.001583,64
"mpiTime",0.011378,64
"mpiTime",0.002645,64
"mpiTime",0.006038,64
"mpiTime",0.003766,64
"mpiTime",0.01074,64
"mpiTime",0.011701,64
"mpiTime",0.011765,64
"mpiTime",0.011823,64
"mpiTime",0.009281,64
"mpiTime",0.012028,64
"mpiTime",0.012098,64
"mpiTime",0.012162,64
"mpiTime",0.008187,64
"mpiTime",0.012355,64
"mpiTime",0.012392,64
"mpiTime",0.005056,512
"mpiTime",0.005143,512
"mpiTime",0.005235,512
"mpiTime",0.005349,512
"mpiTime",0.005448,512
"mpiTime",0.005539,512
"mpiTime",0.005651,512
"mpiTime",0.005721,512
"mpiTime",0.005859,512
"mpiTime",0.006057,512
"mpiTime",0.00615,512
"mpiTime",0.006259,512
"mpiTime",0.006395,512
"mpiTime",0.0065,512
"mpiTime",0.006624,512
"mpiTime",0.006742,512
"mpiTime",0.006949,512
"mpiTime",0.007128,512
"mpiTime",0.007324,512
"mpiTime",0.007555,512
"mpiTime",0.007747,512
"mpiTime",0.007954,512
"mpiTime",0.008149,512
"mpiTime",0.008377,512
"mpiTime",0.008585,512
"mpiTime",0.008846,512
"mpiTime",0.00905,512
"mpiTime",0.009259,512
"mpiTime",0.009456,512
"mpiTime",0.009646,512
"mpiTime",0.009859,512
"mpiTime",0.008829,512
"mpiTime",0.012789,1024
"mpiTime",0.013327,1024
"mpiTime",0.013858,1024
"mpiTime",0.014005,1024
"mpiTime",0.014407,1024
"mpiTime",0.014989,1024
"mpiTime",0.015656,1024
"mpiTime",0.016284,1024
"mpiTime",0.016545,1024
"mpiTime",0.017481,1024
"mpiTime",0.017612,1024
"mpiTime",0.018422,1024
"mpiTime",0.0195,1024
"mpiTime",0.019388,1024
"mpiTime",0.02024,1024
"mpiTime",0.021494,1024
"mpiTime",0.021765,1024
"mpiTime",0.022189,1024
"mpiTime",0.024123,1024
"mpiTime",0.024679,1024
"mpiTime",0.025185,1024
"mpiTime",0.025912,1024
"mpiTime",0.026613,1024
"mpiTime",0.027133,1024
"mpiTime",0.028314,1024
"mpiTime",0.029172,1024
"mpiTime",0.03021,1024
"mpiTime",0.0309,1024
"mpiTime",0.031697,1024
"mpiTime",0.03268,1024
"mpiTime",0.033668,1024
"mpiTime",0.026303,1024
"mpiTime",0.068683,2048
"mpiTime",0.068311,2048
"mpiTime",0.068965,2048
"mpiTime",0.070007,2048
"mpiTime",0.072448,2048
"mpiTime",0.074122,2048
"mpiTime",0.07711,2048
"mpiTime",0.080766,2048
"mpiTime",0.083466,2048
"mpiTime",0.085584,2048
"mpiTime",0.088324,2048
"mpiTime",0.0909,2048
"mpiTime",0.094087,2048
"mpiTime",0.098985,2048
"mpiTime",0.103526,2048
"mpiTime",0.107456,2048
"mpiTime",0.112231,2048
"mpiTime",0.116214,2048
"mpiTime",0.121098,2048
"mpiTime",0.125537,2048
"mpiTime",0.130467,2048
"mpiTime",0.136431,2048
"mpiTime",0.141899,2048
"mpiTime",0.148258,2048
"mpiTime",0.15562,2048
"mpiTime",0.161571,2048
"mpiTime",0.167574,2048
"mpiTime",0.17431,2048
"mpiTime",0.181081,2048
"mpiTime",0.188267,2048
"mpiTime",0.195663,2048
"mpiTime",0.180267,2048
"mpiTime",0.243242,4096
"mpiTime",0.214409,4096
"mpiTime",0.20514,4096
"mpiTime",0.237813,4096
"mpiTime",0.224201,4096
"mpiTime",0.258964,4096
"mpiTime",0.31539,4096
"mpiTime",0.34447,4096
"mpiTime",0.943496,4096
"mpiTime",0.950839,4096
"mpiTime",1.170715,4096
"mpiTime",1.173907,4096
"mpiTime",0.988073,4096
"mpiTime",1.018939,4096
"mpiTime",1.037178,4096
"mpiTime",1.175686,4096
"mpiTime",1.471178,4096
"mpiTime",1.474075,4096
"mpiTime",1.499273,4096
"mpiTime",1.549703,4096
"mpiTime",1.589218,4096
"mpiTime",1.665159,4096
"mpiTime",1.733943,4096
"mpiTime",1.847482,4096
"mpiTime",2.688985,4096
"mpiTime",2.73055,4096
"mpiTime",2.778771,4096
"mpiTime",2.83022,4096
"mpiTime",2.886488,4096
"mpiTime",2.957408,4096
"mpiTime",3.089101,4096
"mpiTime",3.210185,4096
"mpiTime",1.197515,8192
"mpiTime",1.669564,8192
"mpiTime",1.258373,8192
"mpiTime",1.27526,8192
"mpiTime",1.319701,8192
"mpiTime",1.568632,8192
"mpiTime",1.886122,8192
"mpiTime",2.138182,8192
"mpiTime",4.636187,8192
"mpiTime",4.70117,8192
"mpiTime",4.924847,8192
"mpiTime",5.662702,8192
"mpiTime",5.527491,8192
"mpiTime",5.889157,8192
"mpiTime",6.508066,8192
"mpiTime",7.226909,8192
"mpiTime",12.194704,8192
"mpiTime",12.401274,8192
"mpiTime",12.787,8192
"mpiTime",13.232654,8192
"mpiTime",13.842271,8192
"mpiTime",14.670213,8192
"mpiTime",15.599247,8192
"mpiTime",16.736871,8192
"mpiTime",22.846642,8192
"mpiTime",23.216125,8192
"mpiTime",23.711579,8192
"mpiTime",24.333615,8192
"mpiTime",25.163423,8192
"mpiTime",26.326663,8192
"mpiTime",27.676298,8192
"mpiTime",29.008822,8192
"mpiTime",0.000355,64
"mpiTime",0.002982,64
"mpiTime",0.00672,64
"mpiTime",0.013201,64
"mpiTime",0.020133,64
"mpiTime",0.02391,64
"mpiTime",0.023992,64
"mpiTime",0.024068,64
"mpiTime",0.024151,64
"mpiTime",0.024282,64
"mpiTime",0.024345,64
"mpiTime",0.024421,64
"mpiTime",0.024487,64
"mpiTime",0.024554,64
"mpiTime",0.024632,64
"mpiTime",0.024713,64
"mpiTime",0.005569,64
"mpiTime",0.001645,64
"mpiTime",0.023441,64
"mpiTime",0.019,64
"mpiTime",0.012097,64
"mpiTime",0.01402,64
"mpiTime",0.003038,64
"mpiTime",0.021306,64
"mpiTime",0.016772,64
"mpiTime",0.007817,64
"mpiTime",0.005729,64
"mpiTime",0.004416,64
"mpiTime",0.025786,64
"mpiTime",0.008933,64
"mpiTime",0.025925,64
"mpiTime",0.025868,64
"mpiTime",0.004963,512
"mpiTime",0.00502,512
"mpiTime",0.005115,512
"mpiTime",0.005245,512
"mpiTime",0.005334,512
"mpiTime",0.005415,512
"mpiTime",0.005541,512
"mpiTime",0.005665,512
"mpiTime",0.005759,512
"mpiTime",0.005933,512
"mpiTime",0.006051,512
"mpiTime",0.006146,512
"mpiTime",0.006279,512
"mpiTime",0.006395,512
"mpiTime",0.006539,512
"mpiTime",0.006657,512
"mpiTime",0.006823,512
"mpiTime",0.007012,512
"mpiTime",0.007209,512
"mpiTime",0.007429,512
"mpiTime",0.007622,512
"mpiTime",0.007824,512
"mpiTime",0.008003,512
"mpiTime",0.008221,512
"mpiTime",0.008462,512
"mpiTime",0.008702,512
"mpiTime",0.008885,512
"mpiTime",0.009117,512
"mpiTime",0.009325,512
"mpiTime",0.009531,512
"mpiTime",0.00974,512
"mpiTime",0.008733,512
"mpiTime",0.012253,1024
"mpiTime",0.012735,1024
"mpiTime",0.013146,1024
"mpiTime",0.013346,1024
"mpiTime",0.013675,1024
"mpiTime",0.014525,1024
"mpiTime",0.014444,1024
"mpiTime",0.015216,1024
"mpiTime",0.015913,1024
"mpiTime",0.016599,1024
"mpiTime",0.017137,1024
"mpiTime",0.017822,1024
"mpiTime",0.01848,1024
"mpiTime",0.018869,1024
"mpiTime",0.019728,1024
"mpiTime",0.020608,1024
"mpiTime",0.021963,1024
"mpiTime",0.022531,1024
"mpiTime",0.023413,1024
"mpiTime",0.02385,1024
"mpiTime",0.023873,1024
"mpiTime",0.025333,1024
"mpiTime",0.025959,1024
"mpiTime",0.026915,1024
"mpiTime",0.027919,1024
"mpiTime",0.02835,1024
"mpiTime",0.029289,1024
"mpiTime",0.030213,1024
"mpiTime",0.031012,1024
"mpiTime",0.031995,1024
"mpiTime",0.032942,1024
"mpiTime",0.025794,1024
"mpiTime",0.068168,2048
"mpiTime",0.068839,2048
"mpiTime",0.069318,2048
"mpiTime",0.070403,2048
"mpiTime",0.073595,2048
"mpiTime",0.074947,2048
"mpiTime",0.077537,2048
"mpiTime",0.079935,2048
"mpiTime",0.083251,2048
"mpiTime",0.085193,2048
"mpiTime",0.087829,2048
"mpiTime",0.091281,2048
"mpiTime",0.09431,2048
"mpiTime",0.098781,2048
"mpiTime",0.102767,2048
"mpiTime",0.107809,2048
"mpiTime",0.112303,2048
"mpiTime",0.115841,2048
"mpiTime",0.120859,2048
"mpiTime",0.125246,2048
"mpiTime",0.130227,2048
"mpiTime",0.136255,2048
"mpiTime",0.141844,2048
"mpiTime",0.148027,2048
"mpiTime",0.155141,2048
"mpiTime",0.16121,2048
"mpiTime",0.167652,2048
"mpiTime",0.173939,2048
"mpiTime",0.180887,2048
"mpiTime",0.188164,2048
"mpiTime",0.195537,2048
"mpiTime",0.180225,2048
"mpiTime",0.318088,4096
"mpiTime",0.310171,4096
"mpiTime",0.689535,4096
"mpiTime",0.31259,4096
"mpiTime",0.326432,4096
"mpiTime",0.350779,4096
"mpiTime",0.424038,4096
"mpiTime",0.808574,4096
"mpiTime",0.842581,4096
"mpiTime",0.898438,4096
"mpiTime",0.862389,4096
"mpiTime",0.87815,4096
"mpiTime",0.944908,4096
"mpiTime",0.988211,4096
"mpiTime",1.01442,4096
"mpiTime",0.995704,4096
"mpiTime",0.971624,4096
"mpiTime",1.026094,4096
"mpiTime",0.997566,4096
"mpiTime",1.056016,4096
"mpiTime",1.103659,4096
"mpiTime",1.122906,4096
"mpiTime",1.217916,4096
"mpiTime",1.346138,4096
"mpiTime",2.234765,4096
"mpiTime",2.279506,4096
"mpiTime",2.328073,4096
"mpiTime",2.388601,4096
"mpiTime",2.433963,4096
"mpiTime",2.502961,4096
"mpiTime",2.631479,4096
"mpiTime",2.745905,4096
"mpiTime",1.32729,8192
"mpiTime",12.211598,8192
"mpiTime",1.188921,8192
"mpiTime",1.356729,8192
"mpiTime",1.20391,8192
"mpiTime",1.378244,8192
"mpiTime",1.575122,8192
"mpiTime",1.824924,8192
"mpiTime",2.143307,8192
"mpiTime",4.787734,8192
"mpiTime",4.897682,8192
"mpiTime",5.358101,8192
"mpiTime",5.292758,8192
"mpiTime",5.721648,8192
"mpiTime",6.158321,8192
"mpiTime",6.631732,8192
"mpiTime",7.452292,8192
"mpiTime",12.386649,8192
"mpiTime",12.756074,8192
"mpiTime",13.196105,8192
"mpiTime",13.814308,8192
"mpiTime",14.606299,8192
"mpiTime",15.536407,8192
"mpiTime",16.626817,8192
"mpiTime",22.780982,8192
"mpiTime",23.129684,8192
"mpiTime",23.643489,8192
"mpiTime",24.283304,8192
"mpiTime",25.105168,8192
"mpiTime",26.302951,8192
"mpiTime",27.658017,8192
"mpiTime",28.979395,8192
"mpiTime",0.000488,64
"mpiTime",0.003122,64
"mpiTime",0.004714,64
"mpiTime",0.004796,64
"mpiTime",0.00488,64
"mpiTime",0.004942,64
"mpiTime",0.005008,64
"mpiTime",0.005092,64
"mpiTime",0.00516,64
"mpiTime",0.005289,64
"mpiTime",0.005342,64
"mpiTime",0.005422,64
"mpiTime",0.005505,64
"mpiTime",0.005572,64
"mpiTime",0.00564,64
"mpiTime",0.00573,64
"mpiTime",0.005799,64
"mpiTime",0.005845,64
"mpiTime",0.005933,64
"mpiTime",0.006007,64
"mpiTime",0.006074,64
"mpiTime",0.006135,64
"mpiTime",0.006203,64
"mpiTime",0.006286,64
"mpiTime",0.002297,64
"mpiTime",0.003497,64
"mpiTime",0.006587,64
"mpiTime",0.005867,64
"mpiTime",0.006736,64
"mpiTime",0.006874,64
"mpiTime",0.004708,64
"mpiTime",0.006913,64
"mpiTime",0.005001,512
"mpiTime",0.005095,512
"mpiTime",0.005172,512
"mpiTime",0.005294,512
"mpiTime",0.005374,512
"mpiTime",0.005498,512
"mpiTime",0.005586,512
"mpiTime",0.005701,512
"mpiTime",0.005831,512
"mpiTime",0.006007,512
"mpiTime",0.006115,512
"mpiTime",0.0062,512
"mpiTime",0.006341,512
"mpiTime",0.006459,512
"mpiTime",0.006581,512
"mpiTime",0.00671,512
"mpiTime",0.006895,512
"mpiTime",0.00706,512
"mpiTime",0.00724,512
"mpiTime",0.007478,512
"mpiTime",0.007681,512
"mpiTime",0.007887,512
"mpiTime",0.008081,512
"mpiTime",0.008294,512
"mpiTime",0.008518,512
"mpiTime",0.008763,512
"mpiTime",0.008961,512
"mpiTime",0.00917,512
"mpiTime",0.009369,512
"mpiTime",0.009568,512
"mpiTime",0.009785,512
"mpiTime",0.008764,512
"mpiTime",0.01226,1024
"mpiTime",0.012284,1024
"mpiTime",0.013027,1024
"mpiTime",0.013594,1024
"mpiTime",0.013931,1024
"mpiTime",0.0141,1024
"mpiTime",0.01503,1024
"mpiTime",0.01548,1024
"mpiTime",0.014848,1024
"mpiTime",0.016933,1024
"mpiTime",0.017389,1024
"mpiTime",0.018101,1024
"mpiTime",0.018122,1024
"mpiTime",0.018837,1024
"mpiTime",0.019703,1024
"mpiTime",0.019729,1024
"mpiTime",0.022003,1024
"mpiTime",0.022498,1024
"mpiTime",0.022534,1024
"mpiTime",0.023921,1024
"mpiTime",0.024363,1024
"mpiTime",0.025366,1024
"mpiTime",0.025671,1024
"mpiTime",0.026792,1024
"mpiTime",0.027431,1024
"mpiTime",0.028116,1024
"mpiTime",0.029044,1024
"mpiTime",0.030045,1024
"mpiTime",0.03082,1024
"mpiTime",0.031956,1024
"mpiTime",0.032902,1024
"mpiTime",0.02581,1024
"mpiTime",0.068869,2048
"mpiTime",0.068197,2048
"mpiTime",0.070583,2048
"mpiTime",0.071379,2048
"mpiTime",0.073301,2048
"mpiTime",0.075396,2048
"mpiTime",0.077331,2048
"mpiTime",0.079872,2048
"mpiTime",0.082624,2048
"mpiTime",0.084724,2048
"mpiTime",0.088434,2048
"mpiTime",0.090606,2048
"mpiTime",0.094201,2048
"mpiTime",0.098934,2048
"mpiTime",0.102977,2048
"mpiTime",0.107668,2048
"mpiTime",0.1126,2048
"mpiTime",0.116155,2048
"mpiTime",0.121275,2048
"mpiTime",0.125845,2048
"mpiTime",0.130579,2048
"mpiTime",0.136518,2048
"mpiTime",0.141708,2048
"mpiTime",0.148188,2048
"mpiTime",0.155515,2048
"mpiTime",0.161122,2048
"mpiTime",0.167669,2048
"mpiTime",0.174049,2048
"mpiTime",0.180921,2048
"mpiTime",0.18827,2048
"mpiTime",0.195593,2048
"mpiTime",0.18022,2048
"mpiTime",0.700003,4096
"mpiTime",0.446058,4096
"mpiTime",0.452995,4096
"mpiTime",0.447565,4096
"mpiTime",0.86048,4096
"mpiTime",0.500143,4096
"mpiTime",0.47178,4096
"mpiTime",0.559967,4096
"mpiTime",0.506593,4096
"mpiTime",0.506512,4096
"mpiTime",0.573297,4096
"mpiTime",0.536458,4096
"mpiTime",0.953067,4096
"mpiTime",0.610394,4096
"mpiTime",0.650443,4096
"mpiTime",0.675494,4096
"mpiTime",1.173249,4096
"mpiTime",1.159615,4096
"mpiTime",1.201316,4096
"mpiTime",1.234248,4096
"mpiTime",1.279011,4096
"mpiTime",1.315233,4096
"mpiTime",1.412061,4096
"mpiTime",1.548567,4096
"mpiTime",2.410396,4096
"mpiTime",2.453515,4096
"mpiTime",2.503929,4096
"mpiTime",2.56707,4096
"mpiTime",2.60755,4096
"mpiTime",2.678941,4096
"mpiTime",2.803103,4096
"mpiTime",2.918861,4096
"mpiTime",1.230759,8192
"mpiTime",12.21765,8192
"mpiTime",1.174332,8192
"mpiTime",12.423986,8192
"mpiTime",1.205712,8192
"mpiTime",12.743245,8192
"mpiTime",1.495017,8192
"mpiTime",13.207891,8192
"mpiTime",1.386876,8192
"mpiTime",13.832274,8192
"mpiTime",1.654121,8192
"mpiTime",14.627773,8192
"mpiTime",1.84468,8192
"mpiTime",15.591077,8192
"mpiTime",2.117801,8192
"mpiTime",16.702236,8192
"mpiTime",4.737789,8192
"mpiTime",22.789091,8192
"mpiTime",4.980843,8192
"mpiTime",23.128116,8192
"mpiTime",4.972317,8192
"mpiTime",23.64136,8192
"mpiTime",5.192125,8192
"mpiTime",24.303604,8192
"mpiTime",5.609295,8192
"mpiTime",25.107236,8192
"mpiTime",6.028025,8192
"mpiTime",26.28296,8192
"mpiTime",6.618363,8192
"mpiTime",27.647044,8192
"mpiTime",7.296026,8192
"mpiTime",28.983908,8192
"mpiTime",0.000757,64
"mpiTime",0.00083,64
"mpiTime",0.000903,64
"mpiTime",0.000967,64
"mpiTime",0.001044,64
"mpiTime",0.001112,64
"mpiTime",0.001172,64
"mpiTime",0.001256,64
"mpiTime",0.00134,64
"mpiTime",0.001481,64
"mpiTime",0.001528,64
"mpiTime",0.00162,64
"mpiTime",0.001675,64
"mpiTime",0.001754,64
"mpiTime",0.001825,64
"mpiTime",0.0019,64
"mpiTime",0.001954,64
"mpiTime",0.002007,64
"mpiTime",0.002093,64
"mpiTime",0.002129,64
"mpiTime",0.002217,64
"mpiTime",0.002275,64
"mpiTime",0.002358,64
"mpiTime",0.002423,64
"mpiTime",0.002485,64
"mpiTime",0.002617,64
"mpiTime",0.002672,64
"mpiTime",0.002732,64
"mpiTime",0.002811,64
"mpiTime",0.002887,64
"mpiTime",0.00296,64
"mpiTime",0.003029,64
"mpiTime",0.005053,512
"mpiTime",0.005113,512
"mpiTime",0.005217,512
"mpiTime",0.00533,512
"mpiTime",0.005434,512
"mpiTime",0.00552,512
"mpiTime",0.005641,512
"mpiTime",0.005768,512
"mpiTime",0.00587,512
"mpiTime",0.006043,512
"mpiTime",0.006148,512
"mpiTime",0.006248,512
"mpiTime",0.006358,512
"mpiTime",0.0065,512
"mpiTime",0.006616,512
"mpiTime",0.006713,512
"mpiTime",0.006934,512
"mpiTime",0.007122,512
"mpiTime",0.007298,512
"mpiTime",0.007522,512
"mpiTime",0.007713,512
"mpiTime",0.007902,512
"mpiTime",0.008106,512
"mpiTime",0.008333,512
"mpiTime",0.008543,512
"mpiTime",0.008805,512
"mpiTime",0.008998,512
"mpiTime",0.009203,512
"mpiTime",0.009443,512
"mpiTime",0.009639,512
"mpiTime",0.009848,512
"mpiTime",0.008837,512
"mpiTime",0.012051,1024
"mpiTime",0.012945,1024
"mpiTime",0.012748,1024
"mpiTime",0.013345,1024
"mpiTime",0.013937,1024
"mpiTime",0.014747,1024
"mpiTime",0.014805,1024
"mpiTime",0.015628,1024
"mpiTime",0.015615,1024
"mpiTime",0.016767,1024
"mpiTime",0.017558,1024
"mpiTime",0.017411,1024
"mpiTime",0.018331,1024
"mpiTime",0.019115,1024
"mpiTime",0.01985,1024
"mpiTime",0.020543,1024
"mpiTime",0.02148,1024
"mpiTime",0.022675,1024
"mpiTime",0.022851,1024
"mpiTime",0.023503,1024
"mpiTime",0.024745,1024
"mpiTime",0.025526,1024
"mpiTime",0.025908,1024
"mpiTime",0.026717,1024
"mpiTime",0.027636,1024
"mpiTime",0.028497,1024
"mpiTime",0.029384,1024
"mpiTime",0.030195,1024
"mpiTime",0.031148,1024
"mpiTime",0.032107,1024
"mpiTime",0.033014,1024
"mpiTime",0.02594,1024
"mpiTime",0.067993,2048
"mpiTime",0.068333,2048
"mpiTime",0.069021,2048
"mpiTime",0.071056,2048
"mpiTime",0.072304,2048
"mpiTime",0.074975,2048
"mpiTime",0.077818,2048
"mpiTime",0.080844,2048
"mpiTime",0.084531,2048
"mpiTime",0.085575,2048
"mpiTime",0.088082,2048
"mpiTime",0.091565,2048
"mpiTime",0.094584,2048
"mpiTime",0.09885,2048
"mpiTime",0.103192,2048
"mpiTime",0.107695,2048
"mpiTime",0.112133,2048
"mpiTime",0.116095,2048
"mpiTime",0.120848,2048
"mpiTime",0.125719,2048
"mpiTime",0.13056,2048
"mpiTime",0.136464,2048
"mpiTime",0.142116,2048
"mpiTime",0.14808,2048
"mpiTime",0.155512,2048
"mpiTime",0.161238,2048
"mpiTime",0.167621,2048
"mpiTime",0.174116,2048
"mpiTime",0.180989,2048
"mpiTime",0.188323,2048
"mpiTime",0.195746,2048
"mpiTime",0.180313,2048
"mpiTime",0.241741,4096
"mpiTime",0.232936,4096
"mpiTime",0.666467,4096
"mpiTime",0.251007,4096
"mpiTime",0.241498,4096
"mpiTime",0.259214,4096
"mpiTime",0.760028,4096
"mpiTime",0.302006,4096
"mpiTime",0.9189,4096
"mpiTime",0.914041,4096
"mpiTime",0.936365,4096
"mpiTime",0.951675,4096
"mpiTime",0.981446,4096
"mpiTime",1.011011,4096
"mpiTime",1.054037,4096
"mpiTime",1.069184,4096
"mpiTime",1.091414,4096
"mpiTime",1.115239,4096
"mpiTime",1.147827,4096
"mpiTime",1.180552,4096
"mpiTime",1.219984,4096
"mpiTime",1.271933,4096
"mpiTime",1.366596,4096
"mpiTime",1.490001,4096
"mpiTime",2.324361,4096
"mpiTime",2.366643,4096
"mpiTime",2.416192,4096
"mpiTime",2.4684,4096
"mpiTime",2.536208,4096
"mpiTime",2.588929,4096
"mpiTime",2.716107,4096
"mpiTime",2.830453,4096
"mpiTime",1.926617,8192
"mpiTime",1.906837,8192
"mpiTime",1.86992,8192
"mpiTime",3.118207,8192
"mpiTime",2.003411,8192
"mpiTime",2.138706,8192
"mpiTime",2.423138,8192
"mpiTime",2.877523,8192
"mpiTime",4.500654,8192
"mpiTime",4.401943,8192
"mpiTime",4.60414,8192
"mpiTime",4.905493,8192
"mpiTime",5.153869,8192
"mpiTime",5.72893,8192
"mpiTime",6.435481,8192
"mpiTime",7.165323,8192
"mpiTime",12.853038,8192
"mpiTime",13.047906,8192
"mpiTime",13.367895,8192
"mpiTime",13.811406,8192
"mpiTime",14.435381,8192
"mpiTime",15.214951,8192
"mpiTime",16.155439,8192
"mpiTime",17.302697,8192
"mpiTime",23.371131,8192
"mpiTime",23.712317,8192
"mpiTime",24.221483,8192
"mpiTime",24.86114,8192
"mpiTime",25.68321,8192
"mpiTime",26.866325,8192
"mpiTime",28.220116,8192
"mpiTime",29.550917,8192
"computeTime",0.000759,64
"computeTime",0.003698,64
"computeTime",0.007683,64
"computeTime",0.012961,64
"computeTime",0.016708,64
"computeTime",0.021558,64
"computeTime",0.021633,64
"computeTime",0.021716,64
"computeTime",0.021784,64
"computeTime",0.021936,64
"computeTime",0.022004,64
"computeTime",0.022076,64
"computeTime",0.022149,64
"computeTime",0.022218,64
"computeTime",0.022291,64
"computeTime",0.022368,64
"computeTime",0.011611,64
"computeTime",0.018218,64
"computeTime",0.022585,64
"computeTime",0.003133,64
"computeTime",0.006867,64
"computeTime",0.013773,64
"computeTime",0.01028,64
"computeTime",0.008518,64
"computeTime",0.005722,64
"computeTime",0.004614,64
"computeTime",0.023236,64
"computeTime",0.021308,64
"computeTime",0.002865,64
"computeTime",0.023455,64
"computeTime",0.016474,64
"computeTime",0.023495,64
"computeTime",0.006376,512
"computeTime",0.006458,512
"computeTime",0.006547,512
"computeTime",0.006653,512
"computeTime",0.006739,512
"computeTime",0.006823,512
"computeTime",0.006904,512
"computeTime",0.007008,512
"computeTime",0.007098,512
"computeTime",0.007265,512
"computeTime",0.00734,512
"computeTime",0.007437,512
"computeTime",0.007529,512
"computeTime",0.007627,512
"computeTime",0.007708,512
"computeTime",0.007804,512
"computeTime",0.007938,512
"computeTime",0.008089,512
"computeTime",0.008233,512
"computeTime",0.008399,512
"computeTime",0.008548,512
"computeTime",0.008694,512
"computeTime",0.008842,512
"computeTime",0.009006,512
"computeTime",0.009167,512
"computeTime",0.009368,512
"computeTime",0.009505,512
"computeTime",0.009653,512
"computeTime",0.009793,512
"computeTime",0.00993,512
"computeTime",0.010061,512
"computeTime",0.008978,512
"computeTime",0.023173,1024
"computeTime",0.023532,1024
"computeTime",0.023931,1024
"computeTime",0.024354,1024
"computeTime",0.024712,1024
"computeTime",0.025095,1024
"computeTime",0.025482,1024
"computeTime",0.02593,1024
"computeTime",0.026348,1024
"computeTime",0.026852,1024
"computeTime",0.027308,1024
"computeTime",0.027743,1024
"computeTime",0.028185,1024
"computeTime",0.028631,1024
"computeTime",0.029054,1024
"computeTime",0.029518,1024
"computeTime",0.030008,1024
"computeTime",0.030299,1024
"computeTime",0.030636,1024
"computeTime",0.030968,1024
"computeTime",0.03127,1024
"computeTime",0.031572,1024
"computeTime",0.031876,1024
"computeTime",0.032199,1024
"computeTime",0.032513,1024
"computeTime",0.032821,1024
"computeTime",0.033107,1024
"computeTime",0.033407,1024
"computeTime",0.033696,1024
"computeTime",0.033986,1024
"computeTime",0.034278,1024
"computeTime",0.026507,1024
"computeTime",0.176902,2048
"computeTime",0.17781,2048
"computeTime",0.178673,2048
"computeTime",0.179622,2048
"computeTime",0.180496,2048
"computeTime",0.181387,2048
"computeTime",0.182324,2048
"computeTime",0.183302,2048
"computeTime",0.184298,2048
"computeTime",0.185255,2048
"computeTime",0.18622,2048
"computeTime",0.187217,2048
"computeTime",0.188269,2048
"computeTime",0.189258,2048
"computeTime",0.190292,2048
"computeTime",0.191342,2048
"computeTime",0.192489,2048
"computeTime",0.193447,2048
"computeTime",0.194358,2048
"computeTime",0.195321,2048
"computeTime",0.196277,2048
"computeTime",0.197238,2048
"computeTime",0.198225,2048
"computeTime",0.199263,2048
"computeTime",0.200255,2048
"computeTime",0.201235,2048
"computeTime",0.202209,2048
"computeTime",0.203213,2048
"computeTime",0.204211,2048
"computeTime",0.205213,2048
"computeTime",0.206247,2048
"computeTime",0.184743,2048
"computeTime",2.826994,4096
"computeTime",2.829472,4096
"computeTime",2.831415,4096
"computeTime",2.834842,4096
"computeTime",2.836983,4096
"computeTime",2.839144,4096
"computeTime",2.841378,4096
"computeTime",2.844271,4096
"computeTime",2.846464,4096
"computeTime",2.848723,4096
"computeTime",2.851613,4096
"computeTime",2.854081,4096
"computeTime",2.857194,4096
"computeTime",2.860467,4096
"computeTime",2.863178,4096
"computeTime",2.866019,4096
"computeTime",2.868683,4096
"computeTime",2.871069,4096
"computeTime",2.873807,4096
"computeTime",2.876643,4096
"computeTime",2.87954,4096
"computeTime",2.882463,4096
"computeTime",2.885415,4096
"computeTime",2.888396,4096
"computeTime",2.891055,4096
"computeTime",2.893938,4096
"computeTime",2.897055,4096
"computeTime",2.900263,4096
"computeTime",2.903525,4096
"computeTime",2.906822,4096
"computeTime",2.910127,4096
"computeTime",2.859511,4096
"computeTime",29.626188,8192
"computeTime",29.635218,8192
"computeTime",29.64426,8192
"computeTime",29.653561,8192
"computeTime",29.663122,8192
"computeTime",29.674325,8192
"computeTime",29.684422,8192
"computeTime",29.694744,8192
"computeTime",29.70529,8192
"computeTime",29.717642,8192
"computeTime",29.72886,8192
"computeTime",29.740337,8192
"computeTime",29.75206,8192
"computeTime",29.765432,8192
"computeTime",29.777689,8192
"computeTime",29.790231,8192
"computeTime",29.803204,8192
"computeTime",29.81512,8192
"computeTime",29.827241,8192
"computeTime",29.839669,8192
"computeTime",29.852333,8192
"computeTime",29.865279,8192
"computeTime",29.878484,8192
"computeTime",29.89183,8192
"computeTime",29.9061,8192
"computeTime",29.919868,8192
"computeTime",29.933833,8192
"computeTime",29.948142,8192
"computeTime",29.962758,8192
"computeTime",29.977849,8192
"computeTime",29.99281,8192
"computeTime",29.764127,8192
"computeTime",0.000434,64
"computeTime",0.005185,64
"computeTime",0.009013,64
"computeTime",0.010369,64
"computeTime",0.010442,64
"computeTime",0.010516,64
"computeTime",0.010594,64
"computeTime",0.010674,64
"computeTime",0.010741,64
"computeTime",0.010884,64
"computeTime",0.010954,64
"computeTime",0.011023,64
"computeTime",0.011096,64
"computeTime",0.011158,64
"computeTime",0.01123,64
"computeTime",0.011307,64
"computeTime",0.001637,64
"computeTime",0.011455,64
"computeTime",0.0027,64
"computeTime",0.006093,64
"computeTime",0.003819,64
"computeTime",0.010841,64
"computeTime",0.011804,64
"computeTime",0.011874,64
"computeTime",0.011941,64
"computeTime",0.00941,64
"computeTime",0.01216,64
"computeTime",0.012228,64
"computeTime",0.012291,64
"computeTime",0.008288,64
"computeTime",0.012419,64
"computeTime",0.012455,64
"computeTime",0.006419,512
"computeTime",0.006502,512
"computeTime",0.006584,512
"computeTime",0.006688,512
"computeTime",0.006775,512
"computeTime",0.006857,512
"computeTime",0.006949,512
"computeTime",0.00705,512
"computeTime",0.007145,512
"computeTime",0.007299,512
"computeTime",0.007377,512
"computeTime",0.007479,512
"computeTime",0.007566,512
"computeTime",0.007649,512
"computeTime",0.007731,512
"computeTime",0.007828,512
"computeTime",0.007965,512
"computeTime",0.008105,512
"computeTime",0.008272,512
"computeTime",0.008434,512
"computeTime",0.008583,512
"computeTime",0.00873,512
"computeTime",0.008871,512
"computeTime",0.009048,512
"computeTime",0.009202,512
"computeTime",0.009405,512
"computeTime",0.00954,512
"computeTime",0.00968,512
"computeTime",0.009811,512
"computeTime",0.009943,512
"computeTime",0.010077,512
"computeTime",0.008998,512
"computeTime",0.023967,1024
"computeTime",0.02432,1024
"computeTime",0.024679,1024
"computeTime",0.025086,1024
"computeTime",0.025453,1024
"computeTime",0.025821,1024
"computeTime",0.026195,1024
"computeTime",0.026606,1024
"computeTime",0.027034,1024
"computeTime",0.027522,1024
"computeTime",0.02796,1024
"computeTime",0.028415,1024
"computeTime",0.028822,1024
"computeTime",0.029222,1024
"computeTime",0.029676,1024
"computeTime",0.030187,1024
"computeTime",0.030673,1024
"computeTime",0.031004,1024
"computeTime",0.031296,1024
"computeTime",0.031629,1024
"computeTime",0.031931,1024
"computeTime",0.032234,1024
"computeTime",0.032536,1024
"computeTime",0.032869,1024
"computeTime",0.033178,1024
"computeTime",0.033484,1024
"computeTime",0.033767,1024
"computeTime",0.034063,1024
"computeTime",0.034355,1024
"computeTime",0.034652,1024
"computeTime",0.034945,1024
"computeTime",0.02732,1024
"computeTime",0.177222,2048
"computeTime",0.178078,2048
"computeTime",0.178952,2048
"computeTime",0.179873,2048
"computeTime",0.180775,2048
"computeTime",0.181703,2048
"computeTime",0.182632,2048
"computeTime",0.183615,2048
"computeTime",0.184621,2048
"computeTime",0.185588,2048
"computeTime",0.18652,2048
"computeTime",0.187534,2048
"computeTime",0.188564,2048
"computeTime",0.189615,2048
"computeTime",0.190647,2048
"computeTime",0.191682,2048
"computeTime",0.192859,2048
"computeTime",0.193812,2048
"computeTime",0.19473,2048
"computeTime",0.195694,2048
"computeTime",0.196669,2048
"computeTime",0.197649,2048
"computeTime",0.198642,2048
"computeTime",0.199668,2048
"computeTime",0.200657,2048
"computeTime",0.201636,2048
"computeTime",0.202583,2048
"computeTime",0.203538,2048
"computeTime",0.20453,2048
"computeTime",0.205539,2048
"computeTime",0.206582,2048
"computeTime",0.185055,2048
"computeTime",3.21126,4096
"computeTime",3.21318,4096
"computeTime",3.215119,4096
"computeTime",3.218549,4096
"computeTime",3.220696,4096
"computeTime",3.22293,4096
"computeTime",3.225141,4096
"computeTime",3.227414,4096
"computeTime",3.229637,4096
"computeTime",3.231889,4096
"computeTime",3.234206,4096
"computeTime",3.237215,4096
"computeTime",3.240411,4096
"computeTime",3.243095,4096
"computeTime",3.245855,4096
"computeTime",3.248675,4096
"computeTime",3.251361,4096
"computeTime",3.253741,4096
"computeTime",3.256492,4096
"computeTime",3.259331,4096
"computeTime",3.262218,4096
"computeTime",3.26513,4096
"computeTime",3.26806,4096
"computeTime",3.271055,4096
"computeTime",3.273529,4096
"computeTime",3.276111,4096
"computeTime",3.279182,4096
"computeTime",3.282393,4096
"computeTime",3.285704,4096
"computeTime",3.289078,4096
"computeTime",3.292421,4096
"computeTime",3.243547,4096
"computeTime",29.120185,8192
"computeTime",29.129162,8192
"computeTime",29.138064,8192
"computeTime",29.147391,8192
"computeTime",29.156902,8192
"computeTime",29.168009,8192
"computeTime",29.178136,8192
"computeTime",29.188318,8192
"computeTime",29.198341,8192
"computeTime",29.210863,8192
"computeTime",29.22209,8192
"computeTime",29.233569,8192
"computeTime",29.245201,8192
"computeTime",29.258652,8192
"computeTime",29.270901,8192
"computeTime",29.283368,8192
"computeTime",29.296368,8192
"computeTime",29.308295,8192
"computeTime",29.320404,8192
"computeTime",29.332805,8192
"computeTime",29.345485,8192
"computeTime",29.358418,8192
"computeTime",29.371563,8192
"computeTime",29.384871,8192
"computeTime",29.398745,8192
"computeTime",29.412575,8192
"computeTime",29.426537,8192
"computeTime",29.440878,8192
"computeTime",29.455437,8192
"computeTime",29.470159,8192
"computeTime",29.485359,8192
"computeTime",29.257204,8192
"computeTime",0.000445,64
"computeTime",0.00307,64
"computeTime",0.006817,64
"computeTime",0.013293,64
"computeTime",0.020219,64
"computeTime",0.024009,64
"computeTime",0.024086,64
"computeTime",0.024164,64
"computeTime",0.024234,64
"computeTime",0.024377,64
"computeTime",0.024441,64
"computeTime",0.024515,64
"computeTime",0.024586,64
"computeTime",0.024655,64
"computeTime",0.024726,64
"computeTime",0.02481,64
"computeTime",0.005631,64
"computeTime",0.001703,64
"computeTime",0.023527,64
"computeTime",0.019087,64
"computeTime",0.01219,64
"computeTime",0.014108,64
"computeTime",0.003118,64
"computeTime",0.021378,64
"computeTime",0.016859,64
"computeTime",0.007902,64
"computeTime",0.005829,64
"computeTime",0.004507,64
"computeTime",0.025845,64
"computeTime",0.008992,64
"computeTime",0.025987,64
"computeTime",0.025932,64
"computeTime",0.006313,512
"computeTime",0.006394,512
"computeTime",0.006475,512
"computeTime",0.00658,512
"computeTime",0.00667,512
"computeTime",0.00676,512
"computeTime",0.006848,512
"computeTime",0.006946,512
"computeTime",0.007042,512
"computeTime",0.007198,512
"computeTime",0.007276,512
"computeTime",0.007379,512
"computeTime",0.007462,512
"computeTime",0.007542,512
"computeTime",0.007628,512
"computeTime",0.007721,512
"computeTime",0.007861,512
"computeTime",0.008003,512
"computeTime",0.008147,512
"computeTime",0.008312,512
"computeTime",0.008455,512
"computeTime",0.008597,512
"computeTime",0.008742,512
"computeTime",0.0089,512
"computeTime",0.009081,512
"computeTime",0.009254,512
"computeTime",0.009386,512
"computeTime",0.009544,512
"computeTime",0.009682,512
"computeTime",0.009821,512
"computeTime",0.009963,512
"computeTime",0.008909,512
"computeTime",0.023196,1024
"computeTime",0.023545,1024
"computeTime",0.023911,1024
"computeTime",0.024302,1024
"computeTime",0.024683,1024
"computeTime",0.025072,1024
"computeTime",0.02547,1024
"computeTime",0.025914,1024
"computeTime",0.026354,1024
"computeTime",0.026806,1024
"computeTime",0.027237,1024
"computeTime",0.02769,1024
"computeTime",0.028103,1024
"computeTime",0.028517,1024
"computeTime",0.028939,1024
"computeTime",0.029404,1024
"computeTime",0.030003,1024
"computeTime",0.030295,1024
"computeTime",0.030588,1024
"computeTime",0.030921,1024
"computeTime",0.03122,1024
"computeTime",0.031516,1024
"computeTime",0.031836,1024
"computeTime",0.032159,1024
"computeTime",0.032472,1024
"computeTime",0.03277,1024
"computeTime",0.033052,1024
"computeTime",0.033346,1024
"computeTime",0.033639,1024
"computeTime",0.03393,1024
"computeTime",0.034254,1024
"computeTime",0.026496,1024
"computeTime",0.177266,2048
"computeTime",0.178127,2048
"computeTime",0.178988,2048
"computeTime",0.179896,2048
"computeTime",0.180775,2048
"computeTime",0.18168,2048
"computeTime",0.182601,2048
"computeTime",0.183531,2048
"computeTime",0.184512,2048
"computeTime",0.18546,2048
"computeTime",0.186454,2048
"computeTime",0.187415,2048
"computeTime",0.188458,2048
"computeTime",0.189447,2048
"computeTime",0.190484,2048
"computeTime",0.191545,2048
"computeTime",0.192693,2048
"computeTime",0.19359,2048
"computeTime",0.194517,2048
"computeTime",0.19548,2048
"computeTime",0.196433,2048
"computeTime",0.197402,2048
"computeTime",0.198385,2048
"computeTime",0.199417,2048
"computeTime",0.200434,2048
"computeTime",0.201398,2048
"computeTime",0.202367,2048
"computeTime",0.203359,2048
"computeTime",0.204365,2048
"computeTime",0.205367,2048
"computeTime",0.206416,2048
"computeTime",0.184993,2048
"computeTime",2.747035,4096
"computeTime",2.75033,4096
"computeTime",2.752209,4096
"computeTime",2.754763,4096
"computeTime",2.756922,4096
"computeTime",2.75907,4096
"computeTime",2.761271,4096
"computeTime",2.763581,4096
"computeTime",2.766385,4096
"computeTime",2.768614,4096
"computeTime",2.771507,4096
"computeTime",2.774046,4096
"computeTime",2.776674,4096
"computeTime",2.779932,4096
"computeTime",2.783147,4096
"computeTime",2.786613,4096
"computeTime",2.789293,4096
"computeTime",2.79169,4096
"computeTime",2.794436,4096
"computeTime",2.797281,4096
"computeTime",2.800169,4096
"computeTime",2.803083,4096
"computeTime",2.806026,4096
"computeTime",2.809026,4096
"computeTime",2.811544,4096
"computeTime",2.814177,4096
"computeTime",2.817253,4096
"computeTime",2.820484,4096
"computeTime",2.823807,4096
"computeTime",2.827145,4096
"computeTime",2.830496,4096
"computeTime",2.77927,4096
"computeTime",29.103988,8192
"computeTime",29.28094,8192
"computeTime",29.114036,8192
"computeTime",29.123104,8192
"computeTime",29.132272,8192
"computeTime",29.141833,8192
"computeTime",29.153047,8192
"computeTime",29.163163,8192
"computeTime",29.173452,8192
"computeTime",29.183654,8192
"computeTime",29.19614,8192
"computeTime",29.207329,8192
"computeTime",29.218709,8192
"computeTime",29.230462,8192
"computeTime",29.243822,8192
"computeTime",29.255941,8192
"computeTime",29.268243,8192
"computeTime",29.292965,8192
"computeTime",29.305105,8192
"computeTime",29.317512,8192
"computeTime",29.330212,8192
"computeTime",29.343168,8192
"computeTime",29.356366,8192
"computeTime",29.369691,8192
"computeTime",29.383632,8192
"computeTime",29.397347,8192
"computeTime",29.411267,8192
"computeTime",29.425629,8192
"computeTime",29.440182,8192
"computeTime",29.455024,8192
"computeTime",29.470067,8192
"computeTime",29.240765,8192
"computeTime",0.000601,64
"computeTime",0.003247,64
"computeTime",0.004829,64
"computeTime",0.004911,64
"computeTime",0.004984,64
"computeTime",0.005059,64
"computeTime",0.005128,64
"computeTime",0.005203,64
"computeTime",0.005273,64
"computeTime",0.005407,64
"computeTime",0.005474,64
"computeTime",0.005546,64
"computeTime",0.005618,64
"computeTime",0.005687,64
"computeTime",0.005752,64
"computeTime",0.005842,64
"computeTime",0.00591,64
"computeTime",0.005977,64
"computeTime",0.006044,64
"computeTime",0.006131,64
"computeTime",0.006191,64
"computeTime",0.006267,64
"computeTime",0.006331,64
"computeTime",0.006406,64
"computeTime",0.002354,64
"computeTime",0.003545,64
"computeTime",0.006672,64
"computeTime",0.005954,64
"computeTime",0.006808,64
"computeTime",0.006945,64
"computeTime",0.004793,64
"computeTime",0.00697,64
"computeTime",0.006363,512
"computeTime",0.00645,512
"computeTime",0.006532,512
"computeTime",0.006633,512
"computeTime",0.006722,512
"computeTime",0.006813,512
"computeTime",0.006897,512
"computeTime",0.006999,512
"computeTime",0.007091,512
"computeTime",0.007246,512
"computeTime",0.007332,512
"computeTime",0.007423,512
"computeTime",0.00751,512
"computeTime",0.007583,512
"computeTime",0.007676,512
"computeTime",0.007775,512
"computeTime",0.007903,512
"computeTime",0.008044,512
"computeTime",0.008184,512
"computeTime",0.00835,512
"computeTime",0.008515,512
"computeTime",0.008658,512
"computeTime",0.008807,512
"computeTime",0.008965,512
"computeTime",0.009121,512
"computeTime",0.00932,512
"computeTime",0.009452,512
"computeTime",0.009594,512
"computeTime",0.00973,512
"computeTime",0.009865,512
"computeTime",0.009997,512
"computeTime",0.008945,512
"computeTime",0.023206,1024
"computeTime",0.023554,1024
"computeTime",0.023907,1024
"computeTime",0.024298,1024
"computeTime",0.024676,1024
"computeTime",0.025054,1024
"computeTime",0.025428,1024
"computeTime",0.025874,1024
"computeTime",0.02633,1024
"computeTime",0.026809,1024
"computeTime",0.027247,1024
"computeTime",0.027689,1024
"computeTime",0.028142,1024
"computeTime",0.028544,1024
"computeTime",0.02892,1024
"computeTime",0.02933,1024
"computeTime",0.029881,1024
"computeTime",0.030189,1024
"computeTime",0.030486,1024
"computeTime",0.03082,1024
"computeTime",0.031118,1024
"computeTime",0.031434,1024
"computeTime",0.031733,1024
"computeTime",0.032062,1024
"computeTime",0.032377,1024
"computeTime",0.032685,1024
"computeTime",0.032981,1024
"computeTime",0.033283,1024
"computeTime",0.033578,1024
"computeTime",0.03387,1024
"computeTime",0.034185,1024
"computeTime",0.026524,1024
"computeTime",0.177213,2048
"computeTime",0.178124,2048
"computeTime",0.17898,2048
"computeTime",0.179871,2048
"computeTime",0.180787,2048
"computeTime",0.181685,2048
"computeTime",0.182628,2048
"computeTime",0.183563,2048
"computeTime",0.184535,2048
"computeTime",0.185513,2048
"computeTime",0.18651,2048
"computeTime",0.187513,2048
"computeTime",0.188535,2048
"computeTime",0.189534,2048
"computeTime",0.190555,2048
"computeTime",0.191623,2048
"computeTime",0.192786,2048
"computeTime",0.193757,2048
"computeTime",0.194672,2048
"computeTime",0.195613,2048
"computeTime",0.196583,2048
"computeTime",0.197547,2048
"computeTime",0.198529,2048
"computeTime",0.19957,2048
"computeTime",0.200572,2048
"computeTime",0.201496,2048
"computeTime",0.202437,2048
"computeTime",0.203422,2048
"computeTime",0.204452,2048
"computeTime",0.205479,2048
"computeTime",0.206563,2048
"computeTime",0.18498,2048
"computeTime",2.919729,4096
"computeTime",2.923564,4096
"computeTime",2.9255,4096
"computeTime",2.927551,4096
"computeTime",2.929659,4096
"computeTime",2.932381,4096
"computeTime",2.934577,4096
"computeTime",2.936883,4096
"computeTime",2.939092,4096
"computeTime",2.941365,4096
"computeTime",2.943786,4096
"computeTime",2.946379,4096
"computeTime",2.948874,4096
"computeTime",2.952179,4096
"computeTime",2.954922,4096
"computeTime",2.957781,4096
"computeTime",2.960471,4096
"computeTime",2.962827,4096
"computeTime",2.965568,4096
"computeTime",2.968421,4096
"computeTime",2.971301,4096
"computeTime",2.974205,4096
"computeTime",2.977171,4096
"computeTime",2.980136,4096
"computeTime",2.982591,4096
"computeTime",2.985243,4096
"computeTime",2.988291,4096
"computeTime",2.99153,4096
"computeTime",2.99488,4096
"computeTime",2.998269,4096
"computeTime",3.001594,4096
"computeTime",2.952203,4096
"computeTime",29.092532,8192
"computeTime",29.270955,8192
"computeTime",29.102767,8192
"computeTime",29.282978,8192
"computeTime",29.111781,8192
"computeTime",29.295201,8192
"computeTime",29.121149,8192
"computeTime",29.307708,8192
"computeTime",29.130751,8192
"computeTime",29.320522,8192
"computeTime",29.141979,8192
"computeTime",29.33354,8192
"computeTime",29.151957,8192
"computeTime",29.348367,8192
"computeTime",29.162235,8192
"computeTime",29.361776,8192
"computeTime",29.173198,8192
"computeTime",29.376056,8192
"computeTime",29.18549,8192
"computeTime",29.389862,8192
"computeTime",29.196579,8192
"computeTime",29.403817,8192
"computeTime",29.208078,8192
"computeTime",29.418209,8192
"computeTime",29.219865,8192
"computeTime",29.432819,8192
"computeTime",29.233133,8192
"computeTime",29.447716,8192
"computeTime",29.245384,8192
"computeTime",29.462794,8192
"computeTime",29.257849,8192
"computeTime",29.232735,8192
"computeTime",0.000877,64
"computeTime",0.000954,64
"computeTime",0.001021,64
"computeTime",0.001092,64
"computeTime",0.001169,64
"computeTime",0.001239,64
"computeTime",0.001311,64
"computeTime",0.001393,64
"computeTime",0.001459,64
"computeTime",0.001602,64
"computeTime",0.001663,64
"computeTime",0.001736,64
"computeTime",0.001809,64
"computeTime",0.001876,64
"computeTime",0.001944,64
"computeTime",0.002027,64
"computeTime",0.002087,64
"computeTime",0.002153,64
"computeTime",0.002219,64
"computeTime",0.002296,64
"computeTime",0.00236,64
"computeTime",0.002433,64
"computeTime",0.002501,64
"computeTime",0.00257,64
"computeTime",0.002634,64
"computeTime",0.00278,64
"computeTime",0.002842,64
"computeTime",0.00291,64
"computeTime",0.002983,64
"computeTime",0.003047,64
"computeTime",0.003106,64
"computeTime",0.003161,64
"computeTime",0.006414,512
"computeTime",0.006492,512
"computeTime",0.006573,512
"computeTime",0.006679,512
"computeTime",0.00677,512
"computeTime",0.006856,512
"computeTime",0.006942,512
"computeTime",0.007044,512
"computeTime",0.007136,512
"computeTime",0.007293,512
"computeTime",0.007369,512
"computeTime",0.007464,512
"computeTime",0.007546,512
"computeTime",0.007632,512
"computeTime",0.007722,512
"computeTime",0.007818,512
"computeTime",0.007954,512
"computeTime",0.008093,512
"computeTime",0.008238,512
"computeTime",0.008402,512
"computeTime",0.008545,512
"computeTime",0.008689,512
"computeTime",0.00883,512
"computeTime",0.009005,512
"computeTime",0.009162,512
"computeTime",0.009359,512
"computeTime",0.00949,512
"computeTime",0.009655,512
"computeTime",0.009796,512
"computeTime",0.009932,512
"computeTime",0.010065,512
"computeTime",0.009006,512
"computeTime",0.0233,1024
"computeTime",0.023651,1024
"computeTime",0.024011,1024
"computeTime",0.024406,1024
"computeTime",0.024769,1024
"computeTime",0.025164,1024
"computeTime",0.025548,1024
"computeTime",0.025966,1024
"computeTime",0.026404,1024
"computeTime",0.026927,1024
"computeTime",0.027344,1024
"computeTime",0.027799,1024
"computeTime",0.028232,1024
"computeTime",0.028683,1024
"computeTime",0.029103,1024
"computeTime",0.029505,1024
"computeTime",0.030038,1024
"computeTime",0.030326,1024
"computeTime",0.030623,1024
"computeTime",0.030976,1024
"computeTime",0.031276,1024
"computeTime",0.031583,1024
"computeTime",0.031885,1024
"computeTime",0.032207,1024
"computeTime",0.032521,1024
"computeTime",0.032829,1024
"computeTime",0.033116,1024
"computeTime",0.033415,1024
"computeTime",0.033709,1024
"computeTime",0.033997,1024
"computeTime",0.034305,1024
"computeTime",0.026653,1024
"computeTime",0.177197,2048
"computeTime",0.178071,2048
"computeTime",0.178952,2048
"computeTime",0.179857,2048
"computeTime",0.180763,2048
"computeTime",0.181684,2048
"computeTime",0.182604,2048
"computeTime",0.183569,2048
"computeTime",0.1846,2048
"computeTime",0.18554,2048
"computeTime",0.186525,2048
"computeTime",0.187545,2048
"computeTime",0.188568,2048
"computeTime",0.189616,2048
"computeTime",0.190627,2048
"computeTime",0.191682,2048
"computeTime",0.192821,2048
"computeTime",0.193769,2048
"computeTime",0.194677,2048
"computeTime",0.195635,2048
"computeTime",0.196607,2048
"computeTime",0.197573,2048
"computeTime",0.198561,2048
"computeTime",0.199602,2048
"computeTime",0.200601,2048
"computeTime",0.201556,2048
"computeTime",0.202541,2048
"computeTime",0.203547,2048
"computeTime",0.204561,2048
"computeTime",0.205589,2048
"computeTime",0.206625,2048
"computeTime",0.185116,2048
"computeTime",2.832272,4096
"computeTime",2.834147,4096
"computeTime",2.836038,4096
"computeTime",2.838669,4096
"computeTime",2.840777,4096
"computeTime",2.842914,4096
"computeTime",2.845115,4096
"computeTime",2.848035,4096
"computeTime",2.850301,4096
"computeTime",2.853079,4096
"computeTime",2.855449,4096
"computeTime",2.85797,4096
"computeTime",2.860613,4096
"computeTime",2.863802,4096
"computeTime",2.867076,4096
"computeTime",2.870389,4096
"computeTime",2.87368,4096
"computeTime",2.876082,4096
"computeTime",2.878824,4096
"computeTime",2.881662,4096
"computeTime",2.884566,4096
"computeTime",2.887492,4096
"computeTime",2.890442,4096
"computeTime",2.893403,4096
"computeTime",2.89586,4096
"computeTime",2.898446,4096
"computeTime",2.901478,4096
"computeTime",2.904701,4096
"computeTime",2.907987,4096
"computeTime",2.911381,4096
"computeTime",2.91472,4096
"computeTime",2.86449,4096
"computeTime",29.662472,8192
"computeTime",29.672767,8192
"computeTime",29.681889,8192
"computeTime",29.691357,8192
"computeTime",29.700822,8192
"computeTime",29.711998,8192
"computeTime",29.722093,8192
"computeTime",29.732421,8192
"computeTime",29.742462,8192
"computeTime",29.754946,8192
"computeTime",29.766188,8192
"computeTime",29.7777,8192
"computeTime",29.78947,8192
"computeTime",29.802788,8192
"computeTime",29.815084,8192
"computeTime",29.827634,8192
"computeTime",29.840257,8192
"computeTime",29.852363,8192
"computeTime",29.864561,8192
"computeTime",29.877102,8192
"computeTime",29.889802,8192
"computeTime",29.902788,8192
"computeTime",29.91597,8192
"computeTime",29.929283,8192
"computeTime",29.942938,8192
"computeTime",29.956852,8192
"computeTime",29.970792,8192
"computeTime",29.985148,8192
"computeTime",29.999685,8192
"computeTime",30.014715,8192
"computeTime",30.02982,8192
"computeTime",29.799436,8192
"totalTime",0.000799,64
"totalTime",0.003739,64
"totalTime",0.007721,64
"totalTime",0.013001,64
"totalTime",0.016747,64
"totalTime",0.025628,64
"totalTime",0.039329,64
"totalTime",0.04876,64
"totalTime",0.060012,64
"totalTime",0.067454,64
"totalTime",0.078802,64
"totalTime",0.087102,64
"totalTime",0.101367,64
"totalTime",0.113118,64
"totalTime",0.124527,64
"totalTime",0.13925,64
"totalTime",0.011662,64
"totalTime",0.018271,64
"totalTime",0.040664,64
"totalTime",0.003183,64
"totalTime",0.006917,64
"totalTime",0.013827,64
"totalTime",0.010332,64
"totalTime",0.008568,64
"totalTime",0.005771,64
"totalTime",0.004661,64
"totalTime",0.024358,64
"totalTime",0.021391,64
"totalTime",0.002915,64
"totalTime",0.024597,64
"totalTime",0.016561,64
"totalTime",0.029463,64
"totalTime",0.039601,512
"totalTime",0.041987,512
"totalTime",0.045709,512
"totalTime",0.050788,512
"totalTime",0.056558,512
"totalTime",0.067236,512
"totalTime",0.077786,512
"totalTime",0.085941,512
"totalTime",0.102256,512
"totalTime",0.112219,512
"totalTime",0.119974,512
"totalTime",0.129829,512
"totalTime",0.138087,512
"totalTime",0.149228,512
"totalTime",0.164325,512
"totalTime",0.180427,512
"totalTime",0.055665,512
"totalTime",0.050654,512
"totalTime",0.05309,512
"totalTime",0.042087,512
"totalTime",0.041227,512
"totalTime",0.058934,512
"totalTime",0.047486,512
"totalTime",0.049281,512
"totalTime",0.04488,512
"totalTime",0.062347,512
"totalTime",0.046514,512
"totalTime",0.076609,512
"totalTime",0.071379,512
"totalTime",0.069264,512
"totalTime",0.04405,512
"totalTime",0.067966,512
"totalTime",0.2155,1024
"totalTime",0.218215,1024
"totalTime",0.221109,1024
"totalTime",0.227625,1024
"totalTime",0.235543,1024
"totalTime",0.243005,1024
"totalTime",0.251259,1024
"totalTime",0.26465,1024
"totalTime",0.275075,1024
"totalTime",0.278716,1024
"totalTime",0.294591,1024
"totalTime",0.302267,1024
"totalTime",0.314002,1024
"totalTime",0.325727,1024
"totalTime",0.337512,1024
"totalTime",0.351243,1024
"totalTime",0.244799,1024
"totalTime",0.220435,1024
"totalTime",0.226215,1024
"totalTime",0.22381,1024
"totalTime",0.219606,1024
"totalTime",0.234433,1024
"totalTime",0.231769,1024
"totalTime",0.226083,1024
"totalTime",0.232429,1024
"totalTime",0.219198,1024
"totalTime",0.230488,1024
"totalTime",0.237132,1024
"totalTime",0.223287,1024
"totalTime",0.218716,1024
"totalTime",0.237612,1024
"totalTime",0.25553,1024
"totalTime",1.521981,2048
"totalTime",1.525064,2048
"totalTime",1.528463,2048
"totalTime",1.536415,2048
"totalTime",1.546251,2048
"totalTime",1.556055,2048
"totalTime",1.567856,2048
"totalTime",1.578216,2048
"totalTime",1.587499,2048
"totalTime",1.596908,2048
"totalTime",1.604917,2048
"totalTime",1.616485,2048
"totalTime",1.628754,2048
"totalTime",1.634773,2048
"totalTime",1.645877,2048
"totalTime",1.661681,2048
"totalTime",1.537392,2048
"totalTime",1.533672,2048
"totalTime",1.546863,2048
"totalTime",1.526108,2048
"totalTime",1.540394,2048
"totalTime",1.556647,2048
"totalTime",1.530232,2048
"totalTime",1.532163,2048
"totalTime",1.539482,2048
"totalTime",1.533982,2048
"totalTime",1.528596,2048
"totalTime",1.528707,2048
"totalTime",1.537553,2048
"totalTime",1.549027,2048
"totalTime",1.548877,2048
"totalTime",1.559442,2048
"totalTime",6.899224,4096
"totalTime",6.903217,4096
"totalTime",6.906585,4096
"totalTime",6.914894,4096
"totalTime",6.922168,4096
"totalTime",6.93086,4096
"totalTime",6.937919,4096
"totalTime",6.952152,4096
"totalTime",6.965092,4096
"totalTime",6.974565,4096
"totalTime",6.984951,4096
"totalTime",6.99629,4096
"totalTime",7.006228,4096
"totalTime",7.016395,4096
"totalTime",7.029265,4096
"totalTime",7.040525,4096
"totalTime",6.927339,4096
"totalTime",6.919371,4096
"totalTime",6.935257,4096
"totalTime",6.939923,4096
"totalTime",6.925655,4096
"totalTime",6.929213,4096
"totalTime",6.94666,4096
"totalTime",6.935079,4096
"totalTime",6.921812,4096
"totalTime",6.923394,4096
"totalTime",6.930912,4096
"totalTime",6.931039,4096
"totalTime",6.927433,4096
"totalTime",6.930359,4096
"totalTime",6.935349,4096
"totalTime",6.959576,4096
"totalTime",44.164194,8192
"totalTime",44.16946,8192
"totalTime",44.173101,8192
"totalTime",44.179496,8192
"totalTime",44.196491,8192
"totalTime",44.20528,8192
"totalTime",44.21264,8192
"totalTime",44.224446,8192
"totalTime",44.235429,8192
"totalTime",44.248886,8192
"totalTime",44.265963,8192
"totalTime",44.276707,8192
"totalTime",44.292208,8192
"totalTime",44.306846,8192
"totalTime",44.320987,8192
"totalTime",44.342087,8192
"totalTime",44.205895,8192
"totalTime",44.22417,8192
"totalTime",44.236421,8192
"totalTime",44.226013,8192
"totalTime",44.242992,8192
"totalTime",44.255288,8192
"totalTime",44.250948,8192
"totalTime",44.251871,8192
"totalTime",44.278407,8192
"totalTime",44.26385,8192
"totalTime",44.27726,8192
"totalTime",44.305729,8192
"totalTime",44.291079,8192
"totalTime",44.292114,8192
"totalTime",44.30293,8192
"totalTime",44.333617,8192
"totalTime",0.000473,64
"totalTime",0.005224,64
"totalTime",0.009053,64
"totalTime",0.015111,64
"totalTime",0.025947,64
"totalTime",0.029394,64
"totalTime",0.038506,64
"totalTime",0.050027,64
"totalTime",0.060341,64
"totalTime",0.068431,64
"totalTime",0.079173,64
"totalTime",0.09422,64
"totalTime",0.10525,64
"totalTime",0.117924,64
"totalTime",0.131323,64
"totalTime",0.143323,64
"totalTime",0.001682,64
"totalTime",0.026266,64
"totalTime",0.002748,64
"totalTime",0.006141,64
"totalTime",0.003867,64
"totalTime",0.010892,64
"totalTime",0.021754,64
"totalTime",0.016182,64
"totalTime",0.012909,64
"totalTime",0.009456,64
"totalTime",0.029478,64
"totalTime",0.032008,64
"totalTime",0.019064,64
"totalTime",0.008332,64
"totalTime",0.024776,64
"totalTime",0.01672,64
"totalTime",0.043084,512
"totalTime",0.045573,512
"totalTime",0.050913,512
"totalTime",0.056393,512
"totalTime",0.064052,512
"totalTime",0.070661,512
"totalTime",0.081805,512
"totalTime",0.088245,512
"totalTime",0.100535,512
"totalTime",0.110068,512
"totalTime",0.122519,512
"totalTime",0.131548,512
"totalTime",0.142856,512
"totalTime",0.150643,512
"totalTime",0.165161,512
"totalTime",0.178159,512
"totalTime",0.051131,512
"totalTime",0.067551,512
"totalTime",0.06127,512
"totalTime",0.04566,512
"totalTime",0.074466,512
"totalTime",0.054482,512
"totalTime",0.04821,512
"totalTime",0.056546,512
"totalTime",0.063741,512
"totalTime",0.050157,512
"totalTime",0.057296,512
"totalTime",0.045354,512
"totalTime",0.07128,512
"totalTime",0.05192,512
"totalTime",0.04759,512
"totalTime",0.068527,512
"totalTime",0.223937,1024
"totalTime",0.226202,1024
"totalTime",0.230145,1024
"totalTime",0.231981,1024
"totalTime",0.242888,1024
"totalTime",0.253986,1024
"totalTime",0.257233,1024
"totalTime",0.269665,1024
"totalTime",0.28407,1024
"totalTime",0.291936,1024
"totalTime",0.304168,1024
"totalTime",0.314648,1024
"totalTime",0.327244,1024
"totalTime",0.335888,1024
"totalTime",0.350658,1024
"totalTime",0.364036,1024
"totalTime",0.252266,1024
"totalTime",0.245985,1024
"totalTime",0.227771,1024
"totalTime",0.230672,1024
"totalTime",0.236382,1024
"totalTime",0.260111,1024
"totalTime",0.234453,1024
"totalTime",0.226431,1024
"totalTime",0.239865,1024
"totalTime",0.232865,1024
"totalTime",0.227783,1024
"totalTime",0.229145,1024
"totalTime",0.244249,1024
"totalTime",0.256467,1024
"totalTime",0.24253,1024
"totalTime",0.253125,1024
"totalTime",1.027869,2048
"totalTime",1.03094,2048
"totalTime",1.038431,2048
"totalTime",1.043463,2048
"totalTime",1.051723,2048
"totalTime",1.060641,2048
"totalTime",1.067351,2048
"totalTime",1.073689,2048
"totalTime",1.091773,2048
"totalTime",1.101587,2048
"totalTime",1.111693,2048
"totalTime",1.11953,2048
"totalTime",1.132214,2048
"totalTime",1.144689,2048
"totalTime",1.15941,2048
"totalTime",1.17386,2048
"totalTime",1.056451,2048
"totalTime",1.059796,2048
"totalTime",1.03728,2048
"totalTime",1.046444,2048
"totalTime",1.036521,2048
"totalTime",1.032429,2048
"totalTime",1.033788,2048
"totalTime",1.045697,2048
"totalTime",1.05043,2048
"totalTime",1.041216,2048
"totalTime",1.037126,2048
"totalTime",1.054676,2048
"totalTime",1.04496,2048
"totalTime",1.037317,2048
"totalTime",1.057677,2048
"totalTime",1.47605,2048
"totalTime",7.029914,4096
"totalTime",7.031908,4096
"totalTime",7.033524,4096
"totalTime",7.041418,4096
"totalTime",7.047853,4096
"totalTime",7.053791,4096
"totalTime",7.068601,4096
"totalTime",7.080917,4096
"totalTime",7.094944,4096
"totalTime",7.105687,4096
"totalTime",7.118012,4096
"totalTime",7.12802,4096
"totalTime",7.135473,4096
"totalTime",7.150534,4096
"totalTime",7.163221,4096
"totalTime",7.178277,4096
"totalTime",7.051585,4096
"totalTime",7.046432,4096
"totalTime",7.044467,4096
"totalTime",7.075892,4096
"totalTime",7.048251,4096
"totalTime",7.06523,4096
"totalTime",7.064399,4096
"totalTime",7.050693,4096
"totalTime",7.079693,4096
"totalTime",7.059586,4096
"totalTime",7.089115,4096
"totalTime",7.081689,4096
"totalTime",7.057735,4096
"totalTime",7.069089,4096
"totalTime",7.083672,4096
"totalTime",7.083095,4096
"totalTime",43.112948,8192
"totalTime",43.117969,8192
"totalTime",43.122276,8192
"totalTime",43.129109,8192
"totalTime",43.135264,8192
"totalTime",43.147681,8192
"totalTime",43.157242,8192
"totalTime",43.16725,8192
"totalTime",43.185888,8192
"totalTime",43.196474,8192
"totalTime",43.211312,8192
"totalTime",43.222466,8192
"totalTime",43.238656,8192
"totalTime",43.25374,8192
"totalTime",43.268233,8192
"totalTime",43.286224,8192
"totalTime",43.15545,8192
"totalTime",43.16312,8192
"totalTime",43.169729,8192
"totalTime",43.179008,8192
"totalTime",43.187797,8192
"totalTime",43.181577,8192
"totalTime",43.202813,8192
"totalTime",43.216762,8192
"totalTime",43.207882,8192
"totalTime",43.209669,8192
"totalTime",43.240684,8192
"totalTime",43.224555,8192
"totalTime",43.240203,8192
"totalTime",43.268555,8192
"totalTime",43.266109,8192
"totalTime",43.282975,8192
"totalTime",0.000484,64
"totalTime",0.00311,64
"totalTime",0.006859,64
"totalTime",0.013335,64
"totalTime",0.020259,64
"totalTime",0.032231,64
"totalTime",0.041993,64
"totalTime",0.048355,64
"totalTime",0.061092,64
"totalTime",0.071381,64
"totalTime",0.07943,64
"totalTime",0.089654,64
"totalTime",0.101018,64
"totalTime",0.109471,64
"totalTime",0.124428,64
"totalTime",0.139686,64
"totalTime",0.005683,64
"totalTime",0.001751,64
"totalTime",0.023639,64
"totalTime",0.019133,64
"totalTime",0.012238,64
"totalTime",0.014157,64
"totalTime",0.003169,64
"totalTime",0.021464,64
"totalTime",0.016907,64
"totalTime",0.007948,64
"totalTime",0.005877,64
"totalTime",0.004552,64
"totalTime",0.027531,64
"totalTime",0.009039,64
"totalTime",0.032886,64
"totalTime",0.031587,64
"totalTime",0.041521,512
"totalTime",0.044693,512
"totalTime",0.048662,512
"totalTime",0.056384,512
"totalTime",0.063727,512
"totalTime",0.073609,512
"totalTime",0.080481,512
"totalTime",0.090145,512
"totalTime",0.103412,512
"totalTime",0.112777,512
"totalTime",0.124003,512
"totalTime",0.132895,512
"totalTime",0.14466,512
"totalTime",0.153669,512
"totalTime",0.167001,512
"totalTime",0.18078,512
"totalTime",0.043742,512
"totalTime",0.052633,512
"totalTime",0.071872,512
"totalTime",0.048979,512
"totalTime",0.043126,512
"totalTime",0.06633,512
"totalTime",0.056943,512
"totalTime",0.054532,512
"totalTime",0.064039,512
"totalTime",0.051435,512
"totalTime",0.048184,512
"totalTime",0.061695,512
"totalTime",0.059882,512
"totalTime",0.046919,512
"totalTime",0.045931,512
"totalTime",0.071533,512
"totalTime",0.232399,1024
"totalTime",0.235392,1024
"totalTime",0.239578,1024
"totalTime",0.244152,1024
"totalTime",0.25005,1024
"totalTime",0.2587,1024
"totalTime",0.269311,1024
"totalTime",0.280145,1024
"totalTime",0.291301,1024
"totalTime",0.299368,1024
"totalTime",0.3076,1024
"totalTime",0.317532,1024
"totalTime",0.32634,1024
"totalTime",0.338588,1024
"totalTime",0.3518,1024
"totalTime",0.366931,1024
"totalTime",0.259329,1024
"totalTime",0.258077,1024
"totalTime",0.237183,1024
"totalTime",0.246966,1024
"totalTime",0.234473,1024
"totalTime",0.236528,1024
"totalTime",0.263401,1024
"totalTime",0.235762,1024
"totalTime",0.250451,1024
"totalTime",0.243195,1024
"totalTime",0.239853,1024
"totalTime",0.253019,1024
"totalTime",0.241524,1024
"totalTime",0.256461,1024
"totalTime",0.267975,1024
"totalTime",0.248579,1024
"totalTime",1.017332,2048
"totalTime",1.020977,2048
"totalTime",1.024975,2048
"totalTime",1.032626,2048
"totalTime",1.038522,2048
"totalTime",1.049658,2048
"totalTime",1.060402,2048
"totalTime",1.0663,2048
"totalTime",1.080906,2048
"totalTime",1.08785,2048
"totalTime",1.097672,2048
"totalTime",1.106157,2048
"totalTime",1.117796,2048
"totalTime",1.127928,2048
"totalTime",1.141686,2048
"totalTime",1.155846,2048
"totalTime",1.040173,2048
"totalTime",1.026649,2048
"totalTime",1.055524,2048
"totalTime",1.028809,2048
"totalTime",1.034762,2048
"totalTime",1.037233,2048
"totalTime",1.033523,2048
"totalTime",1.022533,2048
"totalTime",1.026785,2048
"totalTime",1.024339,2048
"totalTime",1.032962,2048
"totalTime",1.026996,2048
"totalTime",1.026424,2048
"totalTime",1.050728,2048
"totalTime",1.042758,2048
"totalTime",1.051852,2048
"totalTime",6.571325,4096
"totalTime",6.575457,4096
"totalTime",6.579163,4096
"totalTime",6.585562,4096
"totalTime",6.593171,4096
"totalTime",6.602675,4096
"totalTime",6.609061,4096
"totalTime",6.624229,4096
"totalTime",6.634425,4096
"totalTime",6.648359,4096
"totalTime",6.657678,4096
"totalTime",6.664397,4096
"totalTime",6.678606,4096
"totalTime",6.689794,4096
"totalTime",6.703672,4096
"totalTime",6.718543,4096
"totalTime",6.610413,4096
"totalTime",6.587072,4096
"totalTime",6.583578,4096
"totalTime",6.591277,4096
"totalTime",6.588843,4096
"totalTime",6.604079,4096
"totalTime",6.597388,4096
"totalTime",6.60489,4096
"totalTime",6.602242,4096
"totalTime",6.614036,4096
"totalTime",6.627579,4096
"totalTime",6.609077,4096
"totalTime",6.621928,4096
"totalTime",6.604509,4096
"totalTime",6.628725,4096
"totalTime",6.628622,4096
"totalTime",43.111059,8192
"totalTime",43.164657,8192
"totalTime",43.11539,8192
"totalTime",43.120646,8192
"totalTime",43.128397,8192
"totalTime",43.135577,8192
"totalTime",43.144615,8192
"totalTime",43.155045,8192
"totalTime",43.168909,8192
"totalTime",43.181791,8192
"totalTime",43.190483,8192
"totalTime",43.206053,8192
"totalTime",43.216759,8192
"totalTime",43.237372,8192
"totalTime",43.247914,8192
"totalTime",43.267752,8192
"totalTime",43.285558,8192
"totalTime",43.188865,8192
"totalTime",43.169304,8192
"totalTime",43.171618,8192
"totalTime",43.18437,8192
"totalTime",43.182348,8192
"totalTime",43.213718,8192
"totalTime",43.192132,8192
"totalTime",43.20442,8192
"totalTime",43.206282,8192
"totalTime",43.235557,8192
"totalTime",43.235604,8192
"totalTime",43.23754,8192
"totalTime",43.25675,8192
"totalTime",43.262954,8192
"totalTime",43.285557,8192
"totalTime",0.000642,64
"totalTime",0.003288,64
"totalTime",0.008265,64
"totalTime",0.015018,64
"totalTime",0.023626,64
"totalTime",0.032249,64
"totalTime",0.039855,64
"totalTime",0.04929,64
"totalTime",0.064353,64
"totalTime",0.071785,64
"totalTime",0.082511,64
"totalTime",0.093009,64
"totalTime",0.102987,64
"totalTime",0.115054,64
"totalTime",0.127512,64
"totalTime",0.141353,64
"totalTime",0.009792,64
"totalTime",0.008251,64
"totalTime",0.020003,64
"totalTime",0.028406,64
"totalTime",0.013892,64
"totalTime",0.015786,64
"totalTime",0.007007,64
"totalTime",0.018171,64
"totalTime",0.002398,64
"totalTime",0.003589,64
"totalTime",0.023749,64
"totalTime",0.006,64
"totalTime",0.031846,64
"totalTime",0.026473,64
"totalTime",0.004839,64
"totalTime",0.011215,64
"totalTime",0.047899,512
"totalTime",0.050342,512
"totalTime",0.05409,512
"totalTime",0.060507,512
"totalTime",0.062943,512
"totalTime",0.070357,512
"totalTime",0.082432,512
"totalTime",0.084701,512
"totalTime",0.102299,512
"totalTime",0.110399,512
"totalTime",0.121277,512
"totalTime",0.131843,512
"totalTime",0.145558,512
"totalTime",0.155225,512
"totalTime",0.166423,512
"totalTime",0.183135,512
"totalTime",0.053096,512
"totalTime",0.069709,512
"totalTime",0.061537,512
"totalTime",0.050377,512
"totalTime",0.083161,512
"totalTime",0.079697,512
"totalTime",0.051625,512
"totalTime",0.053252,512
"totalTime",0.058328,512
"totalTime",0.076585,512
"totalTime",0.067817,512
"totalTime",0.056701,512
"totalTime",0.05025,512
"totalTime",0.073682,512
"totalTime",0.060736,512
"totalTime",0.067848,512
"totalTime",0.242948,1024
"totalTime",0.2451,1024
"totalTime",0.250999,1024
"totalTime",0.257062,1024
"totalTime",0.264815,1024
"totalTime",0.271811,1024
"totalTime",0.281805,1024
"totalTime",0.28753,1024
"totalTime",0.30418,1024
"totalTime",0.309875,1024
"totalTime",0.325147,1024
"totalTime",0.334011,1024
"totalTime",0.34405,1024
"totalTime",0.352051,1024
"totalTime",0.369071,1024
"totalTime",0.382581,1024
"totalTime",0.247826,1024
"totalTime",0.250935,1024
"totalTime",0.269337,1024
"totalTime",0.272048,1024
"totalTime",0.252825,1024
"totalTime",0.27549,1024
"totalTime",0.255441,1024
"totalTime",0.250133,1024
"totalTime",0.267588,1024
"totalTime",0.259615,1024
"totalTime",0.263114,1024
"totalTime",0.265185,1024
"totalTime",0.246951,1024
"totalTime",0.248054,1024
"totalTime",0.255941,1024
"totalTime",0.248602,1024
"totalTime",1.40116,2048
"totalTime",1.404975,2048
"totalTime",1.409984,2048
"totalTime",1.421623,2048
"totalTime",1.431215,2048
"totalTime",1.43856,2048
"totalTime",1.446941,2048
"totalTime",1.452386,2048
"totalTime",1.468754,2048
"totalTime",1.478714,2048
"totalTime",1.488798,2048
"totalTime",1.496711,2048
"totalTime",1.507424,2048
"totalTime",1.517697,2048
"totalTime",1.532361,2048
"totalTime",1.548315,2048
"totalTime",1.406012,2048
"totalTime",1.427843,2048
"totalTime",1.425589,2048
"totalTime",1.413764,2048
"totalTime",1.409649,2048
"totalTime",1.416593,2048
"totalTime",1.431821,2048
"totalTime",1.40733,2048
"totalTime",1.419747,2048
"totalTime",1.435691,2048
"totalTime",1.413173,2048
"totalTime",1.410631,2048
"totalTime",1.408187,2048
"totalTime",1.436954,2048
"totalTime",1.442755,2048
"totalTime",1.419531,2048
"totalTime",7.841276,4096
"totalTime",7.844915,4096
"totalTime",7.848052,4096
"totalTime",7.853263,4096
"totalTime",7.85987,4096
"totalTime",7.864776,4096
"totalTime",7.877985,4096
"totalTime",7.889171,4096
"totalTime",7.901268,4096
"totalTime",7.913766,4096
"totalTime",7.925469,4096
"totalTime",7.936451,4096
"totalTime",7.947826,4096
"totalTime",7.960824,4096
"totalTime",7.971775,4096
"totalTime",7.985673,4096
"totalTime",7.867891,4096
"totalTime",7.876935,4096
"totalTime",7.853695,4096
"totalTime",7.857051,4096
"totalTime",7.878444,4096
"totalTime",7.867857,4096
"totalTime",7.865594,4096
"totalTime",7.867489,4096
"totalTime",7.863334,4096
"totalTime",7.882565,4096
"totalTime",7.879555,4096
"totalTime",7.870243,4096
"totalTime",7.881146,4096
"totalTime",7.875854,4096
"totalTime",7.906585,4096
"totalTime",7.90923,4096
"totalTime",46.805643,8192
"totalTime",46.849594,8192
"totalTime",46.808901,8192
"totalTime",46.882612,8192
"totalTime",46.814747,8192
"totalTime",46.884226,8192
"totalTime",46.821868,8192
"totalTime",46.864469,8192
"totalTime",46.82964,8192
"totalTime",46.877262,8192
"totalTime",46.838779,8192
"totalTime",46.899097,8192
"totalTime",46.855296,8192
"totalTime",46.883194,8192
"totalTime",46.865233,8192
"totalTime",46.893103,8192
"totalTime",46.877635,8192
"totalTime",46.911382,8192
"totalTime",46.888329,8192
"totalTime",46.917537,8192
"totalTime",46.907927,8192
"totalTime",46.916449,8192
"totalTime",46.919363,8192
"totalTime",46.940435,8192
"totalTime",46.930849,8192
"totalTime",46.946095,8192
"totalTime",46.946849,8192
"totalTime",46.947189,8192
"totalTime",46.965704,8192
"totalTime",46.954029,8192
"totalTime",46.980311,8192
"totalTime",47.261014,8192
"totalTime",0.32315,64
"totalTime",0.325034,64
"totalTime",0.328873,64
"totalTime",0.331473,64
"totalTime",0.340163,64
"totalTime",0.349834,64
"totalTime",0.357442,64
"totalTime",0.368785,64
"totalTime",0.384274,64
"totalTime",0.390955,64
"totalTime",0.399842,64
"totalTime",0.409531,64
"totalTime",0.423805,64
"totalTime",0.431268,64
"totalTime",0.449452,64
"totalTime",0.459993,64
"totalTime",0.329656,64
"totalTime",0.326626,64
"totalTime",0.349595,64
"totalTime",0.331554,64
"totalTime",0.333801,64
"totalTime",0.325606,64
"totalTime",0.343338,64
"totalTime",0.338806,64
"totalTime",0.328646,64
"totalTime",0.344294,64
"totalTime",0.336571,64
"totalTime",0.341402,64
"totalTime",0.325232,64
"totalTime",0.353692,64
"totalTime",0.363032,64
"totalTime",0.358783,64
"totalTime",0.042521,512
"totalTime",0.046069,512
"totalTime",0.049571,512
"totalTime",0.059146,512
"totalTime",0.06368,512
"totalTime",0.07372,512
"totalTime",0.079612,512
"totalTime",0.090239,512
"totalTime",0.104933,512
"totalTime",0.113506,512
"totalTime",0.120294,512
"totalTime",0.132071,512
"totalTime",0.137813,512
"totalTime",0.152285,512
"totalTime",0.160431,512
"totalTime",0.176635,512
"totalTime",0.045777,512
"totalTime",0.063231,512
"totalTime",0.057311,512
"totalTime",0.055509,512
"totalTime",0.060912,512
"totalTime",0.052002,512
"totalTime",0.072348,512
"totalTime",0.059356,512
"totalTime",0.049014,512
"totalTime",0.050677,512
"totalTime",0.044677,512
"totalTime",0.054328,512
"totalTime",0.047897,512
"totalTime",0.045918,512
"totalTime",0.067233,512
"totalTime",0.071779,512
"totalTime",0.221739,1024
"totalTime",0.223521,1024
"totalTime",0.228724,1024
"totalTime",0.236298,1024
"totalTime",0.245255,1024
"totalTime",0.254895,1024
"totalTime",0.262486,1024
"totalTime",0.27183,1024
"totalTime",0.28296,1024
"totalTime",0.292026,1024
"totalTime",0.304534,1024
"totalTime",0.314578,1024
"totalTime",0.32391,1024
"totalTime",0.335343,1024
"totalTime",0.345331,1024
"totalTime",0.359221,1024
"totalTime",0.228733,1024
"totalTime",0.241409,1024
"totalTime",0.226621,1024
"totalTime",0.246251,1024
"totalTime",0.251445,1024
"totalTime",0.253856,1024
"totalTime",0.225052,1024
"totalTime",0.237378,1024
"totalTime",0.22437,1024
"totalTime",0.231435,1024
"totalTime",0.235507,1024
"totalTime",0.24117,1024
"totalTime",0.227237,1024
"totalTime",0.240455,1024
"totalTime",0.234131,1024
"totalTime",0.252982,1024
"totalTime",1.02751,2048
"totalTime",1.030635,2048
"totalTime",1.035587,2048
"totalTime",1.042111,2048
"totalTime",1.048028,2048
"totalTime",1.058831,2048
"totalTime",1.066059,2048
"totalTime",1.076417,2048
"totalTime",1.085271,2048
"totalTime",1.096641,2048
"totalTime",1.108553,2048
"totalTime",1.119485,2048
"totalTime",1.128174,2048
"totalTime",1.137868,2048
"totalTime",1.150389,2048
"totalTime",1.168061,2048
"totalTime",1.033426,2048
"totalTime",1.035133,2048
"totalTime",1.036849,2048
"totalTime",1.063566,2048
"totalTime",1.033706,2048
"totalTime",1.032212,2048
"totalTime",1.049333,2048
"totalTime",1.056814,2048
"totalTime",1.055042,2048
"totalTime",1.046708,2048
"totalTime",1.042708,2048
"totalTime",1.041373,2048
"totalTime",1.034674,2048
"totalTime",1.047729,2048
"totalTime",1.054682,2048
"totalTime",1.04933,2048
"totalTime",6.630987,4096
"totalTime",6.633432,4096
"totalTime",6.637654,4096
"totalTime",6.643107,4096
"totalTime",6.649284,4096
"totalTime",6.660958,4096
"totalTime",6.668384,4096
"totalTime",6.680174,4096
"totalTime",6.695173,4096
"totalTime",6.704388,4096
"totalTime",6.716463,4096
"totalTime",6.724644,4096
"totalTime",6.733943,4096
"totalTime",6.750042,4096
"totalTime",6.762505,4096
"totalTime",6.777181,4096
"totalTime",6.649057,4096
"totalTime",6.641978,4096
"totalTime",6.668859,4096
"totalTime",6.671797,4096
"totalTime",6.646152,4096
"totalTime",6.678455,4096
"totalTime",6.664645,4096
"totalTime",6.663694,4096
"totalTime",6.669309,4096
"totalTime",6.676128,4096
"totalTime",6.658571,4096
"totalTime",6.664865,4096
"totalTime",6.665565,4096
"totalTime",6.665857,4096
"totalTime",6.664979,4096
"totalTime",6.690152,4096
"totalTime",46.180499,8192
"totalTime",46.184676,8192
"totalTime",46.190752,8192
"totalTime",46.19747,8192
"totalTime",46.207775,8192
"totalTime",46.219238,8192
"totalTime",46.230108,8192
"totalTime",46.237237,8192
"totalTime",46.249921,8192
"totalTime",46.263018,8192
"totalTime",46.275572,8192
"totalTime",46.29006,8192
"totalTime",46.303278,8192
"totalTime",46.319187,8192
"totalTime",46.339101,8192
"totalTime",46.354873,8192
"totalTime",46.22121,8192
"totalTime",46.244306,8192
"totalTime",46.255418,8192
"totalTime",46.266459,8192
"totalTime",46.263833,8192
"totalTime",46.260587,8192
"totalTime",46.264905,8192
"totalTime",46.266195,8192
"totalTime",46.279492,8192
"totalTime",46.277692,8192
"totalTime",46.290591,8192
"totalTime",46.30005,8192
"totalTime",46.304949,8192
"totalTime",46.33298,8192
"totalTime",46.316816,8192
"totalTime",46.333573,8192
